series,active_profiles,profiles_with_any,profiles_with_any_share,total_events,gini,top_1pct_share,top_5pct_share,top_10pct_share,top_20pct_share,user_share_for_50pct,user_share_for_80pct,median_value,mean_value,p80_value,p95_value,max_value
all_interactions,168792,168792,1.0,17359346,0.8068251757000241,0.28232106209531166,0.5414781178968379,0.6893113369593532,0.8390842028265351,0.04039883406796531,0.16569505663775536,17.0,102.84460163988814,104.0,410.0,33389
high_ratings,168792,142622,0.8449571069718944,6321815,0.8753762487181727,0.43753937753635624,0.6986702394802758,0.8114201380457986,0.9081754211409223,0.014899995260438883,0.09298426465709275,3.0,37.45328570074411,23.0,125.0,33384
low_ratings,168792,112937,0.6690897672875492,4551189,0.8527164783344047,0.27749407901979023,0.5908998725388025,0.7557844774189778,0.8976366395682535,0.03363903502535665,0.12171192947533059,2.0,26.963298023603013,23.0,127.0,11689
