bucket,interaction_bucket_size,high_bucket_size,intersection_size,union_size,jaccard_overlap,share_of_interaction_bucket_overlapping,share_of_high_bucket_overlapping,population_size,expected_random_intersection,expected_random_overlap_share_interaction,expected_random_overlap_share_high,expected_random_jaccard,exact_hypergeom_p_value,exact_hypergeom_log10_p_value,simulation_draws,simulated_mean_intersection,simulated_std_intersection,simulated_max_intersection,simulated_p_ge_observed,zscore_vs_random
Top 1%,1687,1687,1029,2345,0.4388059701492537,0.6099585062240664,0.6099585062240664,168792,16.86080501445566,0.009994549504715863,0.009994549504715863,0.005022372929796932,0.0,-1747.3655242035704,20000,16.824,4.049435022321015,37,0.0,248.97871321316845
Top 1-5%,6752,6752,2849,10655,0.2673862036602534,0.4219490521327014,0.4219490521327014,168792,270.09280060666384,0.04000189582444666,0.04000189582444666,0.02040915026357789,0.0,-2326.458492750147,20000,270.37805,15.79540528753536,340,0.0,163.45851483021593
Top 5-10%,8440,8440,1942,14938,0.13000401660195474,0.2300947867298578,0.2300947867298578,168792,422.02000094791225,0.050002369780558324,0.050002369780558324,0.025642272075444183,0.0,-766.3070334291656,20000,422.05695,19.59199598554216,503,0.0,77.88387440296323
Top 10-20%,16879,16879,4899,28859,0.16975640181572474,0.29024231293323066,0.29024231293323066,168792,1687.880000236978,0.09999881510972083,0.09999881510972083,0.05263092249886968,0.0,-1208.8439975865188,20000,1688.36455,36.9418983445288,1844,0.0,86.84431304706956
Top 20-50%,50638,50638,27605,73671,0.37470646523055207,0.5451439630317153,0.5451439630317153,168792,15191.520000947912,0.30000236978055833,0.30000236978055833,0.1764722282241258,0.0,-4314.810481496586,20000,15190.1916,86.00764843570599,15497,0.0,143.87822710331025
Bottom 50%,84396,84396,69489,99303,0.6997673786290445,0.8233684060855965,0.8233684060855965,168792,42198.0,0.5,0.5,0.3333333333333333,0.0,-16635.15743065533,20000,42196.3746,102.7948718314294,42613,0.0,265.7065281383803
