rating,count,share
1,2315546,0.1333890113141359
2,1235266,0.07115855631888436
3,1000377,0.057627574218521826
4,1096031,0.06313780484587381
5,1991628,0.114729437387791
6,1605496,0.09248597268583736
7,1793187,0.10329807355645772
8,1664057,0.0958594292665173
9,1117416,0.06436970609376644
10,3540342,0.2039444343122143
